"item_code","deskripsi","qty_on_hand","min_stock","selisih","lokasi_rak"
"P-50717-00","General - Kabel UTP 4 Pairs Cat 6; Belden; -; 305m/roll","0","100","100","-"
"P-51559-00","General - Lampu TL T5 14 W White; Philips; -; 1 unt","0","30","30","-"
"T-80109-00","Cellotape / Lakban Kertas 1 inch warna Putih ; No Brand ; pack size per pcs","0","30","30","-"
"O-21720-00","General - Sleeves CSM 001642 M200/90 Y 550 E4 Bt5/5 Thikness 4/10; Piercan; SP010822; 1 Pc","0","24","24","-"
"O-16007-00","Silicone Sucker 01.10.10; P/N : 201119; ; ;","0","20","20","-"
"O-20950-00","Capping VCM200 - Silicone Sucker 01.10.10; Steriline; 201119; 1 Pc","0","20","20","-"
"P-14877-00","General - Kabel NYYHY 3 x 2.5mm; SUPREME; -; 1 meter","0","20","20","-"
"S-11400-00","Majun AA, No Brand, Budhi Supplies, pack size per kg","0","20","20","-"
"P-53102-00","Lampu PLC 13watt/E27 Putih; Phillips; ;","0","10","10","-"
"O-15696-00","SILICONE SUCKER 01.11.16; PART NO :202082","0","10","10","-"
"O-21091-00","Capping VCM200 - SILICONE SUCKER 01.11.16;","0","10","10","-"
"P-10945-00","General - Seal Tape 1inch; ONDA; -; 1 Pcs","0","10","10","-"
"P-13714-00","Autoclave Fedegari FVA2/A1 NB2963AT - Oring Viton 29 x 22 x 3.5 mm","0","10","10","-"
"P-51560-00","General - Lampu TL T5 28W White; Philips; -; 1 unt","10","20","10","O3"
"O-16032-00","General - Sleeves M200/90 Y 550 E4 Bt5/5 BJ, Material : CSM; Shape : 200/90; Thickness (mm) : 4/10; Leng; Piercan; 1643; 1 Pc","15","24","9","A3"
"O-20487-00","General - Isolator Glove Smaller glove CSM  (AS : E10330 Y 7 E4); Austar; ; 1 Pc","1","10","9","B-5"
"O-16731-00","Autoclave Fedegari FVA2/A1 NB2963AT - KIT Ricambi Valv. DN10 ON-OFF FEDEGARI ASIA PTE LTD P/N : KK000301 pc","0","8","8","-"
"P-15351-00","FESTO - Plastic tubing PUN-10x1,5-BL (Blue) p/n 159668; ; ;","44","50","6","Atas Flammable"
"O-21648-00","Autoclave Fedegari FVA2/A1 NB2963AT - DN16 Modulating Valve Spare Parts; Fedegari; KK000305; 1 Pc","0","5","5","-"
"T-20123-00","Acquity PDA/TUV 2489/2998 Perf Main Kit (lampu HPLC); Waters; P/N 201000281; 1 pc","0","5","5","-"
"O-17393-00","Autoclave Fedegari FOF / 6 AC - O-Ring 6.02x2.62; p/n. CC150168; ; ;","0","5","5","-"
"O-17395-00","Autoclave Fedegari FOF / 6 AC - O-Ring 10.78x2.62; p/n. CC150169; ; ;","0","5","5","-"
"O-21649-00","Autoclave Fedegari FVA2/A1 NB2963AT - Water Presence Probe Kit and OR Seal; Fedegari; KK000080; 1 Pc","0","5","5","-"
"O-54013-00","SOCKET RJ 45 CAT 5","0","5","5","-"
"P-12279-00","FESTO - QS-1/8-6 Push-In fitting p/n 153002","0","5","5","-"
"P-12305-00","FESTO - QST-6 Push in t-connection p/n 153129","0","5","5","-"
"P-52854-00","General - Socket RJ45 Cat 6; Belden; -; 50pcs/pack","0","5","5","-"
"Q-10845-00","Fitting Lampu Bholam E27; ; ; pcs","0","5","5","-"
"Q-60025-00","Kuas Cat Uk. 1 inch;Eterna;Tipe 611;pack size per pcs","0","5","5","-"
"S-40645-00","Cable Ties, 200 x 4.8 mm; SIGMA; CS 200L; Putih;100 pcs/pack","0","5","5","-"
"O-14642-00","General - Silicone Gasket for Ferrule dia. 2,5""; -; -; 1 Pc","6","10","4","M3"
"Q-60502-00","Silicone Sealant;Silglaze;Type N10 White;pack size per pcs","1","5","4","Q1"
"O-16982-00","Freeze Dryer MBE1207 - Diaphrapm DA008ER M4 Saunders CIPTA SOLUSI ANDALAN, PT P/N : -  pc","0","3","3","-"
"P-10874-00","General - Reducer, PVC, 1"" x 1/2""; Rucika; -; 1 pcs","2","5","3","F-2"
"P-14453-00","General - Filter IAF MB Series (Medium Filter), efficiency : 60-65 %, Size: 24 x 24 x 12 inch; IAF; -; 1 pcs","0","3","3","-"
"P-50956-00","Fuse kaca 2A 6x30","0","3","3","-"
"Q-10946-00","Silicone Sealant;Silglaze;Type N10 Light Grey;pack size per pcs","0","3","3","-"
"Q-50013-00","Frame or Perimeter Seal RP48 White; Raven; R48W6; 6 meter/pck","0","3","3","-"
"Q-60026-00","Kuas Cat Uk. 2 inch;Eterna;Tipe 611;pack size per pcs","0","3","3","-"
"O-15628-00","LEFT AND RIGHT PINCER ACTUATOR ; SMC :BISTABLE ELECTROVALVE - SV1200-5FU","0","2","2","-"
"O-53414-00","Fedegari FVA2/A1 - Transition joint RTD Sensor (SG-056377) PT100 4Wire, Sx, 1/3 DIN, 5x70mm, SSL, 0-150 C 10M; Radix; RTJ201-1-C-S-3-0-NA-XNA-05-0070-10-Si-PN; 1 Pc","0","2","2","-"
"T-20055-00","PerformancePlus Check Valve Cartridge; Waters; p/n 700002399;","0","2","2","-"
"O-14641-00","General - Silicone Gasket for Ferrule dia. 1""; -; -; 1 Pc","8","10","2","M3"
"O-14644-00","General - Silicone Gasket for Ferrule dia. 4""; -; -; 1 Pc","8","10","2","M3"
"O-15668-00","RIBBED HEATER RCU - 1200W - 230VAC - 50/60HZ - MATERIAL AISI304; PART NO :4561","0","2","2","-"
"O-18344-00","Capping VCM200 - Roller trimmer D=48X18 inclination=7 for alucap D=20; ; ;","0","2","2","-"
"O-20026-00","Freeze Dryer MBE1207 - Temperature Probe PT100 DIN 43760 316 SS Teflon AWG #26 Class A; Minco; S102037PM3R120;","0","2","2","-"
"O-20557-00","Marchesini MA155 - Combination Folding Roller, 21. 4. 0 1/0. 244; -; M660010009; 1 Pc","0","2","2","-"
"O-53334-00","Tunnel ST1L - RIBBED HEATERS RCU 1200W 230VAC 50/60HZ; Steriline; 4561; 1 Pc","0","2","2","-"
"O-54015-00","STOP KONTAK LUBANG 4, BROCO","0","2","2","-"
"P-10019-00","Pre Filter G4 size : 12X24X2","0","2","2","-"
"P-10883-00","General - Socket Drat Dalam, PVC, 1 1/2""; Rucika; -; 1 pcs","0","2","2","-"
"P-10889-00","General - Socket Drat Dalam, PVC AW, 3/4""; Rucika; -; 1 pcs","0","2","2","-"
"P-10891-00","General - Socket Drat Luar, PVC, 1 1/4""; Rucika; -; 1 pcs","0","2","2","-"
"P-10896-00","Fitting PVC - Sock PVC 1 1/4""","0","2","2","-"
"P-10900-00","Fitting PVC - Sock PVC 3 Rucika AW","0","2","2","-"
"P-10908-00","General - Tee, PVC AW, 3/4""; Rucika; -; 1 pcs","0","2","2","-"
"P-10909-00","Fitting PVC - Tee PVC 3 inch Rucika AW","0","2","2","-"
"P-13387-00","Watermur Pvc 1"" Polos Rucika; ; ;","0","2","2","-"
"P-15862-00","PAPER RECORD YOKOGAWA; FOLDING CHART B9565AW","1","3","2","M-4"
"P-51313-00","UTICON - Stop kontak 4 lubang 16-25 V","0","2","2","-"
"P-51894-00","General - Lampu TL LED Bright Boost 18 W; Philips; -; 1 unt","0","2","2","-"
"P-52663-00","General - Solid State Relay (SSR) 3-32VDC 24-330VAC 40A; No Brand; -; 1 Pc","0","2","2","-"
"P-53211-00","LOCTITE High Temperature @ 50 ml","0","2","2","-"
"P-53213-00","Lem Pipa PVC","1","3","2","Flammable"
"Q-10460-00","Magnetic door stopper; Dekson; Part No. MDS 889 SN;","0","2","2","-"
"Q-10715-00","Lem PVC Isarplas Kuas @400gr; ; ;","0","2","2","-"
"S-40640-00","Cable Ties, 150 x 3.6 mm; SIGMA; CS 150T; Putih;100 pcs/pack","0","2","2","-"
"T-20201-00","ASSY,SOLVENT FILTER., Waters, Part No. WAT025531","0","2","2","-"
"O-14616-00","Black arm system for Rotating pincer pneumatic cylinder SINAR MUTIARA CAKRABUANA, PT C/N : 33661 pc","0","1","1","-"
"O-15554-00","AIRTIGHT DOOR MOTOR ; HALSTRUP &SAIA :GEAR MOTOR N100/SO - UFR1 - UL; SUPPLY VOLTAGE: 24VAC;FREQUENCY: 50HZ; OUTPUT TORQUE: 15NM; MOTOR SPEED: 0.5 U/MIN (R1:1000);","0","1","1","-"
"O-15566-00","CAPS HOPPER MINIMUM LOAD SENSOR ; WORLD BEAM QS18VP6LAF250Q5 LASER ADJUSTABLE FIELD","0","1","1","-"
"O-15567-00","CAPS MINIMUM LOAD SENSOR ; HIGH PRECISION OPTICAL FIBER FU-7F","0","1","1","-"
"O-15586-00","EXIT LIFTING SIDE GUIDES CYLINDER ; CYLINDER D=16 STROKE=15","0","1","1","-"
"O-15588-00","SERVO MOTOR, OMRON G5 114V, 400W, 250HZ, 1.27 NM, 3000 RPM WITH ABSOLUTE ENCODER NO
 BRAKE","0","1","1","-"
"O-15594-00","FLOWMETER + REGULATOR PRE GAS/POST GAS; ASA","0","1","1","-"
"O-15610-00","GEAR MOTOR N100/SO - UFR1 - UL; HALSTRUP SAIA ; PART NO :19475","0","1","1","-"
"O-15611-00","GEAR MOTOR N100/SO + UFR1 - UL;HALSTRUP SAIA ; PART NO :19474","0","1","1","-"
"O-15619-00","General - HIGH PRECISION OPTICAL FIBER 10MM WIDTH, VIALS MAXIMUM LOAD AT OUTFEED SENSOR; Keyence; FU-12; 1 Pc","0","1","1","-"
"O-15620-00","HIGH PRECISION OPTICAL FIBER SUPER TOUGH FLEX FIBERS-FU67V; VIAL CHECK AT INFEED SENSOR ;","0","1","1","-"
"O-15641-00","NEEDLES LIFTING MOTOR ; LIKA ; MOTOR BRUSHLESS MODEL LIKA 31W SERIAL NO. 125101268;","0","1","1","-"
"O-15646-00","OVERHEAT PROTECTION THERMOSTAT, JUMO ATHS-70/U; POWER: AC 230 VOLT / 10 AMP.; RANGE: 20..500?C; CONNECTION: UZ G1/2 CRNI","0","1","1","-"
"O-15652-00","PNEUMATIC MEMBRANE VALVE 1/2' (DN15); STERILINE ; PART NO :5189","0","1","1","-"
"O-15656-00","PRESSURE TRANSMITTER ; HALSTRUP : 0-250PA OUTPUT 4-20MA 24VDC PRECISION: +-1%; MODEL: P; SENSOR/PIZ (2 WIRES); SHEET NO. 465-01; SERIAL NO. AA072399; ;","0","1","1","-"
"O-15712-00","STOPPERS HOPPER MINIMUM LOAD SENSOR ; banner ; WORLD BEAM QS18VP6LAF250Q5 LASER ADJUSTABLE FIELD QS18VP6LAF250","0","1","1","-"
"O-15713-00","STOPPERS MINIMUM LOAD LANE 1 SENSOR ; KEYENCE ;HIGH PRECISION OPTICAL FIBER SUPER TOUGH FLEX FIBERS FU-67V","0","1","1","-"
"O-15714-00","STOPPERS MINIMUM LOAD LANE 1 SENSOR ; KEYENCE; AMPLIFIER SENSOR OPTICAL FIBER PNP OUTPUT CONNECTOR M8 FS-V31CP","0","1","1","-"
"O-15732-00","KEYENCE AMPLIFIER SENSOR OPTICAL FIBER PNP OUTPUT CONNECTOR M8 FU-12","0","1","1","-"
"O-15733-00","PRESSURE TRANSMITTER ; GEFRAN 0-10 BAR, PRECISION 0,25% FS; OUTPUT 4/20 MA, 24VDC, 2-WIRES
 AISI 316L; SERIAL NO. 12210317; CON 1 1/2 TRI-CLAMP, ELECT CON: 5-PIN - M12X1, IP67","0","1","1","-"
"O-15821-00","MCB Schneider C60H 1 phase 1 pole 4 A 100000A - P/N : - pc","0","1","1","-"
"O-16321-00","General - 2/2 Way Diaphragm Valve Metal Aseptic; SED; 207.15.7.545.51.125.SF1; 1 Pc","0","1","1","-"
"O-16732-00","Autoclave Fedegari FVA2/A1 NB2963AT - KIT Ricambi Valv. DN10 ON-OFF FEDEGARI ASIA PTE LTD P/N : KS000025 pc","3","4","1","I-3-5"
"O-17030-00","cRABS Z064CR -  Treaded Three Port Seat Valve VOBG320 3/4inch G","0","1","1","-"
"O-20951-00","cRABS Z064CR - Treaded Three Port Seat Valve VOBG320 3/4inch; Steriline; 28725; 1 Pc","0","1","1","-"
"O-20953-00","Washing RAR4 - Compact Cylinder (w/o Non Rotating); Univer; RP 200 016 0015; 1 Pc","0","1","1","-"
"O-21092-00","EDM EDM1 - PNEUMATIC MEMBRANE VALVE 1/2' (DN15) 605 15 D 80 40 17 10/N 1536; -; 5189; 1 Pc","0","1","1","-"
"O-50834-00","Autoclave Fedegari FOF / 6 AC - P/N. GM805664 Pressure Transducer and Mouting Par Replaces CD230046; ; ;","0","1","1","-"
"O-51652-00","Safety Sensor, Type : BNS 120-11z, 250mA, 3VA/W,100 VAC/DC,M12 x 1 K-ST; ; ;","0","1","1","-"
"O-51701-00","COIL FOR REFRIGERATION SOLENOID VALVES(DC24V)","0","1","1","-"
"O-51709-00","ELECTROVALVE 3/4GAS FF 24V DC N.C.COMPOSED BY:BODY NC 3/4 NBR FOR FLUIDS, COIL U1 5VA 24VDC ZB10A","0","1","1","-"
"O-51718-00","FORK SENSOR MODEL WFL80-60B416; CONNECTOR M8 4PIN, PNP-NPN, TEACH-IN; FORK DEPTH: 60MM
 FORK HIGHT: 80MM;","0","1","1","-"
"O-51721-00","PROXIMITY SENSOR, DATALOGIC M8 FLUSH 2X PNP NC IS-08-G2-S1","0","1","1","-"
"O-51722-00","PROXIMITY SENSOR, DATALOGIC M12 NON FLUSH SHORT PNP NO IS-12-D1-S2","0","1","1","-"
"O-51723-00","PROXIMITY SENSOR, DATALOGIC M12 FLUSH SHORT 2X PNP NO IS-12-G1-S2","0","1","1","-"
"O-51728-00","NITROGEN PRE-GAS FLOW CHECK SENSOR ; TURCK / UPROX ;SENSOR NO 10-30 VDC, 200MA","0","1","1","-"
"O-51735-00","SENSOR OPTICAL FIBER, KEYENCE PNP OUTPUT CONNECTOR M8 FS-V31CP AMPLIFIER ;","0","1","1","-"
"O-51738-00","SENSOR PROXIMITY ,SCHMERSAL ; BNS-260 FOR DOOR PART NO 14056","0","1","1","-"
"O-51740-00","SENSOR PROXIMITY M12 NON FLUSH SHORT PNP NO ; DATA LOGIC","0","1","1","-"
"O-51743-00","SENSOR TEMPERATUR PT100 7 METER 4 WIRE PART NO :PM600083","0","1","1","-"
"O-51746-00","SENSOR NO 10-30 VDC, 200MA; NITROGEN POST-GAS FLOW CHECK SENSOR ;","0","1","1","-"
"O-51749-00","VIALS MAXIMUM LOAD SENSOR ; KEYENCE ; AMPLIFIER SENSOR OPTICAL FIBER PNP OUTPUT CONNECTOR M8 code: FS-V31CP;","0","1","1","-"
"O-51775-00","WAGO 750-461 2-CHANNEL ANALOG INPUT MODULE STD PACK: 1EA; ; ;","0","1","1","-"
"O-51819-00","Pressure transmitter -50/ +200 Pa output 4-20 mA 24VDC Precision: +-1%; Model: PIZ (2 wires); P/N :; ; ;","0","1","1","-"
"O-51821-00","Pressure transmitter -100 / +100Pa output 4-20 mA 24VDC Precision: +-1% ; Model: PIZ (2 wires); P/N; ; ;","0","1","1","-"
"O-51838-00","Compact Cylinder (w/o Non Rotating); TYPE : RP 200 016 0015; ; ;","0","1","1","-"
"O-51920-00","General - Temperature sensor PT100, 4 wire, class AA, Duplex, c/w 10m silicon cable; Radix; RAC241-D-10-PN; 1 Pc","0","1","1","-"
"O-52210-00","Autoclave Fedegari FVA2/A1 NB2963AT - Level Transmitter code 15218 2m p/n: CD050024; ; ;","0","1","1","-"
"O-52530-00","General - Sensor PH Meter Type : InPro3250/120/PT1000; Mettler Toledo; 52002548; 1 Pc","0","1","1","-"
"O-52984-00","Inverter Power Module PM240-2 2,2KW Sinamic; Siemens; ;","0","1","1","-"
"O-52985-00","Inverter Power Module PM240-2 7,5KW Sinamic; Siemens; ;","0","1","1","-"
"O-53208-00","Tunnel ST1L - Fan mod. MN-300 - RD0 - stainless steel HP 0.25 - 4P - B5 - V.230/400 50 Hz Motor 63-B;Steriline;23284;","0","1","1","-"
"O-53210-00","Tunnel ST1L - Fan MN-402-SV-Stainless Steel HP 0,33 - 2P -B5 - V.230/400 - RD0 Motor 63-B2 kW 0.25 +;Steriline;14519;","0","1","1","-"
"O-53218-00","Mixing Tank - Sensor RTD 2X 100 Ohm (Duplex) with Transmitter Dia 6x81mm Mat SUS316 Class A; Custom/Lokal; -; 1 Pc","0","1","1","-"
"O-53455-00","cRABS Z064CR - Supply Fan inverter, Ziehl Abegg Frequency converter PXDM6A; ; 24399; 1 Pc","0","1","1","-"
"O-53457-00","EDM EDM1 - Motor Starwheel - Motor TG63 0,18 kW - 4P - B5 - 230V - 50 Hz MEC63; encoder 1000 I/G Lin; ; 29274; 1 Pc","0","1","1","-"
"O-53461-00","cRABS Z064CR - Pressure transmitter -50/ +200 Pa output 4-20 mA 24VDC Precision: +-1%; Model: PIZ (2; ; ; 1 Pc","0","1","1","-"
"O-53463-00","Filling VFM100 - PROXIMITY SENSOR, DATALOGIC  M8 FLUSH 2X PNP NC IS-08-G2-S1; ; 204172; 1 Pc","0","1","1","-"
"O-53467-00","Tunnel ST1L - OVERHEAT PROTECTION THERMOSTAT, JUMO ATHS-70/U; POWER: AC 230 VOLT / 10 AMP.; RANGE: 2; ; 15809; 1 Pc","0","1","1","-"
"O-53484-00","Filling VFM100 - Filler Main Servo Motor G5 220V, 750W, 2.4 Nm, 3000 rpm, 204156; Omron; R88M-K75030T-BS2; 1 Pc","0","1","1","-"
"O-53487-00","EDM EDM1 - PRESSURE TRANSMITTER; 0-10 BAR; PRECISION 0,25% FS; OUTPUT 4/20 MA, 24VDC, 2-WIRES; CONTA; GEFRAN; 16866; 1 Pc","0","1","1","-"
"O-53635-00","Marchesini MA155 - Inverter 1/N/PE AC 230/240V 0,37KW; Lenze; E84AVSCE3712SX0; 1 Pc","0","1","1","-"
"O-53645-00","Autoclave Fedegari FVA2/A1 - Pressure Transducer PBMN 23 (CD230065); Baumer; -; 1 Pc","0","1","1","-"
"O-54006-00","General - MCB 1 PHASE 10 AMPERE; Schneider; -; 1 Pc","0","1","1","-"
"O-54009-00","MCB 1 PHASE, SIEMENS, 2 POLE 2 AMPERE","0","1","1","-"
"O-54010-00","MCB 1 PHASE, SIEMENS, 2 POLE 4 AMPERE","0","1","1","-"
"O-54011-00","MCB 3 PHASE, SIEMENS, 2 AMPERE","0","1","1","-"
"P-10389-00","General - Ball Valve PVC 1 1/2inch; No Brand; -; 1 pcs","0","1","1","-"
"P-11837-00","Ball valve PVC dia 1 inch drat","0","1","1","-"
"P-13370-00","General - Pulser SCR Heater Controller Wall Mounted 0-10 VD DC; Regin; 240-X010; 1 unit","0","1","1","-"
"P-15419-00","Sensor Turck No 10-30 VDC, 200mABi8U-Q08-AP6X2-V1131; Turck; ;","0","1","1","-"
"P-18066-00","General - Hepa Filter H13 (99,95%) Size: 610 x 610 x 90; Camfil; -; 1 Pc","0","1","1","-"
"P-51745-00","MCB Schneider C60H 1 phase 1 pole 6A 10000A; ; ;","0","1","1","-"
"P-52033-00","Inverter HVAC Drives FC-102 2,2 kw 380-480 V Danfoss; ; ;","0","1","1","-"
"P-52420-00","General - Ceiling Exhaust Fan; KDK; FV-25TGU5; 1 Pc","0","1","1","-"
"P-52709-00","General - Pressure Transmitter TPS30-G27AR2-00; Autonics; -; 1 pc","0","1","1","-"
"P-53259-00","UV Sensor PIN : 270264040; Hanovia; ;","0","1","1","-"
"T-25454-00","Filter Flag, 2998, Classic; Waters; 700003767;","0","1","1","-"
"O-14594-00","Kit, membrane ozone 6510 METTLER TOLEDO INDONESIA, PT P/N : -  pc","0","1","1","-"
"O-15492-00","SPA 1132 Brand : Optibelt / Bando Merah - P/N : - pc","0","1","1","-"
"O-15581-00","DOOR SAFETY SWITCHES ; SCHMERSAL ; MAGNET BPS-260","0","1","1","-"
"O-15615-00","HIGH PRECISION OPTICAL FIBER 10MM WIDTH FU-12; PART NO :201020","0","1","1","-"
"O-15616-00","HIGH PRECISION OPTICAL FIBER FU-7F; PART NO :201061","0","1","1","-"
"O-15707-00","CAMFILL ABSOLUTE FILTER 1FRK - 1W; H13; EFFICIENCY: 99,99% DOP - 0,3 MICRON C/W CERTIFICATE. FRAME MATERIAL: STAINLESS STEEL; DIMENSION: 457X610X150; CLASS DIN EN 1822: SERIAL NO. 00044345112","0","1","1","-"
"O-15718-00","General - SYNTHETIC FOOD GRADE; CRC; NSF H1; 1 Pc","3","4","1","Flammable"
"O-15719-00","TEMPERATURE PROBE JUMO ; MODEL PT100 SINGLE ELEMENT, 6 WIRES, DIAMETER 3MM, LENGTH 100MM; PART NO :25596","0","1","1","-"
"O-15720-00","TEMPERATURE PROBE ; JUMO; MODEL PT100 SINGLE ELEMENT, 3 WIRES, DIAMETER 3MM, LENGTH 250MM; PART NO :25597","0","1","1","-"
"O-15722-00","TEMPERATURE PROBE ;JUMO ; PT100 SINGLE ELEMENT, 3 WIRES, DIAMETER 3MM,; LENGTH 250MM; RANGE -200/600?C; MATERIAL: AISI321 (1.4541); PRECISION CLASS A (IEC751-2008); SILICONE CABLE LENGTH 10M","0","1","1","-"
"O-15723-00","TEMPERATURE PROBE PT100 DOUBLE ELEMENTS, 6 WIRES, DIAMETER 3MM,
 LENGTH 100MM; RANGE -50/600?C;MATERIAL: AISI321 (1.4541); PRECISION CLASS A (IEC751-2008); SILICONE CABLE LENGTH 10M","0","1","1","-"
"O-15727-00","VACUUM LEVEL SWITCH ; Vuototecnica ;
 DIGITAL VACUUM LEVEL SWITCH Code: 120511/P","0","1","1","-"
"O-15875-00","Flexible Plate; Material = SUS316 L T= 1.2mm; ; ;","0","1","1","-"
"O-16571-00","Marchesini MA155 - Conveyor Belt TS10 570 x 40 Habasit p/n:C720005740; Habasit; C720005740; 1 Pc","0","1","1","-"
"O-19372-00","Washing RAR4 - Needle PW, OD.15mmx123mm, Material SS 319; ; ;","0","1","1","-"
"O-20040-00","Mixing Tank Adam MV - Impeller Silicon Carbide SS 316L USM T10; Novaseptic; G10-015;","0","1","1","-"
"O-21126-00","cRABS Z064CR - Security PHOCELLS 7209 - plastic body; Protection P67; Receiver, max. di; Omron; E3FS-10DB4-P1 / E3FS-10LB-P1; 1 Pc","0","1","1","-"
"O-51000-00","Colamark - Print Head; Domino; EPP001359 SP; 1 Pc","0","1","1","-"
"O-51687-00","Relay OMRON G2A-432A-N DC + socket Omron","0","1","1","-"
"O-51703-00","TEMPERATURE PROBE JUMO PT100 DOUBLE ELEMENTS, 6 WIRES, DIAMETER 3MM; LENGTH 350MM; RANGE -50/600?C; PRECISION CLASS A (IEC751-2008); PART NO :25595; SILICONE CABLE LENGTH 10M; SHEET NO. 393-04 (TE31) 393-03 (TE32)","0","1","1","-"
"O-51747-00","TEMPERATURE PROBE ;PRODUCT ; TE2/TE2R ;","0","1","1","-"
"O-52826-00","General - SV55 252072 6213 S.S+FKM I/O: NPT1/4 Inch Orifice:10mm Kv=2m3/h NC DC24V; BURKERT; EB14-00035; 1 Pc","0","1","1","-"
"O-53391-00","General - Profibus Connector Simatic; SIEMENS; 6ES7972-0BA52-0XA0; 1 Pc","0","1","1","-"
"O-53475-00","cRABS Z064CR - Cooling water three way Actuator, Coster, 28715, CLNV150, Linear actuator for three w; ; 28715; 1 Pc","0","1","1","-"
"O-53510-00","Tunnel ST1L - Finned Heater U Form Dia 11x520mm 230V-1200W; Custom/Lokal; -; 1 Pc","1","2","1","-"
"O-53641-00","Mixing Tank Adam - Lampu Tanam Lantai LED DC 12-24V 3W Uplight COB Waterproof IP65; General; -; 1 Pc","0","1","1","-"
"O-54012-00","SELECTOR SWITCH, HANYOUNG, CR253-3 ON-OFF-ON","0","1","1","-"
"O-54031-00","Profibus Connector SIEMENS, Simatic DP 6ES7972-0BA52-0XA0; ; ;","0","1","1","-"
"P-10729-00","General - Contact cleaner WD 40; No Brand; -; 382gr/can","1","2","1","Flammable"
"P-10897-00","Fitting PVC - Sock PVC 1""","1","2","1","-"
"P-12695-00","PC 4200/IMA C90 - Draw in-roller Cpl; GUK; 21401-0007; 1 pcs","0","1","1","-"
"P-12764-00","General - Silicone Gasket for Ferrule dia. 1/2inch; Custom; -; 1 pcs","9","10","1","M3"
"P-13429-00","General - Cable Ducting 25mm x 40mm; Lokal; -; 1 pcs","0","1","1","-"
"P-13445-00","Plat Stainless Steel 304; ; ;","0","1","1","-"
"P-14244-00","General - UV Lamp SD55-320W; Hanovia; 130071-0320-C; 1 pc","0","1","1","-"
"P-14899-00","Electrode Set Ozone Generator; Ozonia MKIV; ;","0","1","1","-"
"P-15437-00","CABLE SPIRAL WRAPPING, TYPE KS24, BRAND KSS; ; ;","1","2","1","K4"
"P-15905-00","Filter Catridge Type: TefTEC Series P/N : TefTEC 0.2 - 10 P7S Lenght : 10 Inch O-Ring : 226 Fin","0","1","1","-"
"P-18468-00","Pass Box Stickers ZC-A; ; ;","4","5","1","F-3-4C"
"P-18546-00","Constan Air Volume EN 200x100 with Flow Scale 0-600 CMH; TROX; ;","0","1","1","-"
"P-50957-00","Fuse kaca 3 A 5x 20","0","1","1","-"
"P-51027-00","General - IsoLasi Kabel Hitam 33 (19mm x 20mm x 0.177mm); Scotch; -; 1 Pcs","1","2","1","N3"
"P-51928-00","Battery Lithium 3V CR2477N; ; ;","1","2","1","G-3"
"P-52001-00","Switch Lamp Merah 220 VAC; ; ;","0","1","1","-"
"P-52711-00","General - Accu NS70, Baterai Kering, 12 V, 65 Ah; GS Astra; -; 1 pcs","0","1","1","-"
"P-53171-00","Ballast Electronic EB-C 218 TL5, 2x18W; Phillips; ;","0","1","1","-"
"P-53173-00","Ballast Electronic EB-C 214 TL5, 2x14W; Phillips; ;","0","1","1","-"
"P-53215-00","Silicon Lembaran, tebal 5 mm, size: 1 meter X 1 meter; ; ;","0","1","1","-"
"P-53216-00","Silicon Lembaran, tebal 3 mm, size: 1 meter X 1 meter; ; ;","0","1","1","-"
"Q-10136-00","TOTO - Kran T23BQ13N","0","1","1","-"
"Q-10302-00","Compound / Kompon Gypsum;No Brand;;pack size 20 kg per pck","0","1","1","-"
"Q-10517-00","Kape Besi / Scraper / Skrap Besi;No Brand;;pack size per pcs","0","1","1","-"
"Q-10650-00","Aquaproof Abu-Abu @4 Kg; ; ;","0","1","1","-"
"Q-10805-00","Multipox MX-98-2K SB White;Propan;Type White;pack size per 20 kg pail","0","1","1","-"
"Q-10829-00","Cat Ambiance Lakestone 44537M Tinting; Dulux; ;","0","1","1","-"
"Q-60105-00","Cat Dulux Ambiance Brilliant White; Dulux; 2290; pack size per 20L","0","1","1","-"
"Q-60404-00","Cat Interior Catylac; Dulux; Type Putih 1501N; 25 kg/pail","0","1","1","-"
"S-11816-00","Cable Ties Nylon reusable (Colour Black) Lenght 20cm","0","1","1","-"
"T-20118-00","FILTER INSERT ASSY; Waters; P/N WAT088084; 1 pc","0","1","1","-"
"T-20136-00","2690 SEAL PACK REBUILD PKG; Waters; c/n WAT271019;","0","1","1","-"
"T-20177-00","2690/95 PERFORMANCE MAINTENANCE KIT., Waters, Part No. WAT270944","0","1","1","-"
"T-20212-00","SEAL PLUNGER 2690, Waters, Part No. WAT270938, PKG (2)","0","1","1","-"
"T-20215-00","ASSY PCB DEGASSER QSPI MULTI-PERS, Waters, Part No. 700002511","0","1","1","-"
"T-20591-00","Kit, Performance PLUS seal pack rebuild; Waters; 700011783; 1 pieces / pack","0","1","1","-"
"T-20791-00","Heater/Cooler Engine 2690; Waters; 700001066;","0","1","1","-"
"T-20851-00","One-piece Fitting, 10 - 32; Waters; 700004841; 10 pcs per pack; Waters; 700004841; 10 pcs/pack","0","1","1","-"
"O-14617-00","Solenoid valve 2/2 ways NC 4,5mm; ; c/n 28582;","2","2","0","B-2-4C"
"O-14620-00","Microswitch for pneumatic cylinder; ; c/n 7821;","1","1","0","-"
"O-15822-00","General - MCB C60H 1 phase 1 pole 10 A; Schneider; -; 1 Pc","1","1","0","S-3-1"
"O-16725-00","3 Way Ball Valve SS304 3/4 inch c/w Pneumatic Actuator + Selenoid 24 VDC, NOCHRIDA SEJAHTERA, PT P/N : -  set","1","1","0","H-3-14"
"O-18108-00","Freeze Dryer MBE1207 - Therm.Exp.Valve TE2 R404A/R507A 068Z3403; DANFOSS; ;","2","2","0","D-2-10B"
"O-18890-00","Freeze Dryer MBE1207 - SV102 Valve body 032L1212(Replace the old model 032F1212) EVR6 3/8 Inch p/n:; DANFOSS; ;","1","1","0","D-4-9"
"O-18916-00","Freeze Dryer MBE1207 - Valve Body S20 DN25 ANSI150 Flg BODY CI DISC:316SS STEM 316SS P/n: EB14-00063; BRAY; ;","1","1","0","D-3-9"
"O-19211-00","Freeze Dryer MBE1207 - Thermal Expansi Valve TE 2 3/8 Inch (In)1/2 Inch (Out) 068Z3411; Danfoss; ;","2","2","0","D-2-10A"
"O-19213-00","Freeze Dryer MBE1207 -  Orifice 04 for Expansi Valve TE5 067B2792; Danfoss; ;","2","2","0","D-2-9B"
"O-19214-00","Freeze Dryer MBE1207 - Expansi Valve TE 5 067B3343 R404A/R507; Danfoss; ;","2","2","0","D-2-11"
"O-19382-00","HEPA filter minipleat, size: 457x610x69 Class (EN 1822) : H14 - 99,995% MPPS; Hencolin; ;","2","2","0","Ruang filter"
"O-19383-00","HEPA filter minipleat, size: 762x457x69 Class (EN 1822) : H14 - 99,995% MPPS; Hencolin; ;","1","1","0","-"
"O-19848-00","Pneumatic ball valve_1 inch weldedWORCESTEREDF50-00196","1","1","0","D-1-8"
"O-50697-00","Autoclave Fedegari FOF / 6 AC - P/N. KK000304-KIT RICAMBI VALV.DN16 ON-OFF","5","5","0","H-3-13"
"O-51677-00","Fork Sensor brand SICK type WFL80-60B416 Part No: 6036833 (Steriline No : 22179 ) SICK","1","1","0","A-3-3B"
"O-51678-00","Proximity Sensors M8, connector M12 PNP-NO, working distance 3mm 32,50 code IS-08-G1-S2, Part No : 9; ; ;","1","1","0","D1"
"O-51767-00","WAGO 750-530 8-CHANNEL DIGITAL OUTPUT MODULE STD PACK; ; ;","1","1","0","B-3-6B"
"O-51768-00","WAGO 750-513 2-CHANNEL RELAY OUTPUT MODULE STD PACK; ; ;","1","1","0","B-3-5"
"O-51769-00","WAGO 750-430 8-CHANNEL DIGITAL INPUT MODULE STD PACK; ; ;","1","1","0","A-3-2C"
"O-51772-00","WAGO 750-402 4-CHANNEL DIGITAL INPUT MODULE STD PACK","1","1","0","A-2-1A"
"O-51773-00","WAGO 750-550 2-CHANNEL ANALOG OUTPUT MODULE STD PACK; ; ;","1","1","0","A-3-2A"
"O-51774-00","WAGO 750-472 2-CHANNEL ANALOG INPUT MODULE STD PACK","1","1","0","B-3-6A"
"O-52200-00","FESTO -  Proximity Sensor SME-8M-DS-24V-K-0,3-M8D p/n: 543861; ; ;","1","1","0","B-2-4A"
"O-52250-00","Tunnel ST1L - END Module 750-600 Wago","1","1","0","B-3-6C"
"O-52355-00","Solenoid Valve type 55B-24-PE-611JB MAC","1","1","0","A-2-5"
"O-52942-00","Freeze Dryer MBE1207 - Pressure Transmitter Type : 402050/000 TN: 43008803 04 bar absolute 420 mA, 2; JUMO; ;","1","1","0","D-3-4"
"O-53144-00","Tunnel ST1L - Sensor RTD 100 ohm double element With Nepple 3x150 mm 6 wire; Custom/Lokal; 0621043011; 1 Pc = 10 M","1","1","0","-"
"O-53194-00","cRABS z064CR - Pressure Transmitter 0-500 Pa P-Sensor/PIZ (2 wires); Steriline; 20075; 1 pc","1","1","0","B-1"
"O-53197-00","Tunnel ST1L - Pressure Transmitter 0-250Pa output 4-20 P-Sensor/PIZ (2 Wires); Steriline; 12320; 1 pc","1","1","0","B-1"
"O-53198-00","Tunnel ST1L - Pressure Transmitter 0-100Pa output 4-20 P-Sensor-PIZ (2 Wires); Steriline; 1667; 1 pc","1","1","0","B-1"
"O-53200-00","Tunnel ST1L - Gear Motor N100/So-UFR1 24Vac 50Hz 15Nm 0.5U/min (R1:1000) Metal Cover; Steriline; 19475; 1 pc","1","1","0","B-2-8A"
"O-53439-00","General - Photoelectric Fiber Sensor Head; Keyence; FU-7F; 1 Pc","1","1","0","-"
"O-53441-00","Autoclave Service NA2247AU - Pressure Transducer MOD. PBMH 24; Fedegari; CD230063; 1 Pc","1","1","0","H-3-6"
"O-53456-00","EDM EDM1 - MAXIMUM LOAD AT INFEED SENSOR, Omron, E3Z-LS86, Photocell settable distances, type PNP, D; ; 5908; 1 Pc","1","1","0","-"
"O-53460-00","EDM EDM1 - Pressure transmitter -100 / +100Pa output 4-20 mA 24VDC Precision: +-1% ; Model: PIZ (2 w; ; 16456; 1 Pc","1","1","0","T-3-19"
"O-53462-00","Filling VFM100 - PROXIMITY SENSOR, DATALOGIC  M12 NON FLUSH SHORT PNP NO IS-12-D1-S2; ; 204170; 1 Pc","1","1","0","-"
"O-53464-00","Filling VFM100 - SENSOR NO 10-30 VDC, 200MA; NITROGEN POST-GAS  FLOW CHECK SENSOR; ; 202196; 1 Pc","1","1","0","-"
"O-53465-00","cRABS Z064CR - SENSOR PROXIMITY M12 NON FLUSH SHORT PNP NO ; DATA LOGIC; ; 204171; 1 Pc","1","1","0","-"
"O-53478-00","Filling VFM100 - Vacuump pump Vane balde; VT 4.16; Becker; 90134700007; 1 Pack","1","1","0","-"
"P-10387-00","Ball Valve Kuningan 3/4"" KITZ","2","2","0","S-2-7"
"P-10391-00","Ball Valve PVC 2""","2","2","0","-"
"P-11838-00","General - Ball Valve PVC 3/4inch; No Brand; -; 1 pcs","2","2","0","-"
"P-13388-00","General - Ball Valve 1/2inch; KITZ; -; 1 pcs","1","1","0","-"
"P-52767-00","Freeze Dryer MBE1207 - Solenoid Valve 5/8 Inch EVR 15 032F1228; Danfoss; ;","1","1","0","D-1-4"
"P-53202-00","HVAC - Programmable RH & Temp. transmitter MF-HTT 0-100% RH dan 0-100 deg.C 24VAAC Micatrone; ; ;","1","1","0","F-1"
"P-53362-00","Contactor Schneider LC1D09M7 Coil 220 VAC; ; ;","1","1","0","E-3-8C"
"O-14643-00","EPDM Gasket for Ferrule dia. 3""; ; ;","10","10","0","M3"
"O-15591-00","FILTER ABSOLUTE - CAMFILL 1FRSI - 1SI 762X457X150; CLASS H13, DIN EN 1822, FRAME: STAINLESS STEEL - 99,95% MPPS; SERIAL NO. 00083616122 (for Cooling chamber)","1","1","0","Ruang Flter"
"O-15592-00","FILTER ABSOLUTE, CAMFILL - 1ER(GS) - 1PU; DIN EN 1822 : H14; EFFICIENCY: 99,995% MPPS; DIMENSION: 305X457X150; SERIAL NO. 060052-15122","1","1","0","-"
"O-15905-00","Temperature probe model PT100; single element, 3 wires diameter 3mm, length 250mm, Total silicone ca; ; ;","1","1","0","C2"
"O-15913-00","Fedegari FVA2/A1 - CENTERING RING DN35 CLAMP; Code : PP100897; ; ;","1","1","0","E3"
"O-15915-00","Fedegari FVA2/A1 - DN16 ASTM CAP; Code : PM102747; ; ;","1","1","0","-"
"O-15916-00","Fedegari FVA2/A1 - CLAMP DN10 1/2"" (MICROCASTED); Code : GM100017; ; ;","1","1","0","E3"
"O-16570-00","Marchesini MA155 - Conveyor Belt TS10 720 x 40 Habasit p/n:C720007240","1","1","0","G-2"
"O-16573-00","Marchesini MA155 - Conveyor Belt TS10 290 x 40 Habasit p/n:C720002940","1","1","0","G-2"
"O-16980-00","General - Diaphragm 40 mm ER Grade EPDM; Saunders; DA040ER M4; 1 Pc","18","18","0","D3"
"O-17669-00","INPRO 6860i/12/120/nA, Operating Range : 8 ppb - 60% O2 Sat. Measured Pressure Resistance : 0 bar - METTLER TOLEDO INDONESIA, PT P/N : - pc","1","1","0","E-4"
"O-17831-00","Gear Door Autoclave, HARRISA CIPTARINDO ENGINEERING, CV P/N : -  pc","1","1","0","E-3-3D"
"O-17960-00","Mixer Male Bearing, GMP, pH Range: pH1  pH14, 1/pack; NovAseptic; ;","1","1","0","E-4"
"O-17996-00","Freeze Dryer MBE1207 - Slot Door Pressure Gasket P/N : EDF01-02008; ; ;","1","1","0","D5"
"O-18124-00","Mixing Tank Adam - USM T60 Impeller with 20mm Silicon Carbide, G10-012; ; ;","1","1","0","E-4"
"O-18125-00","Mixing Tank Adam - USM T60 Male Bearing Pin 20mm Silicon Carbide, G20-008; ; ;","1","1","0","E-4"
"O-18446-00","General - Silicone Guide Infeed; Custom/Lokal; -; 1 Pc","1","1","0","-"
"O-18447-00","General - Silicone Guide Outfeed; Custom/Lokal; -; 1 Pc","1","1","0","-"
"O-18686-00","Autoclave Fedegari FVA2/A1 NB2963AT - DN6-8 CLAMP P/N: GM100029; ; ;","3","3","0","E1"
"O-18688-00","Autoclave Fedegari FVA2/A1 NB2963AT - DN20/DN22 CLAMP P/N: GM100067; ; ;","3","3","0","E1"
"O-18692-00","Autoclave Fedegari FVA2/A1 NB2963AT - DN10 Blind CAP P/N: PM102746; ; ;","1","1","0","E1"
"O-18891-00","Freeze Dryer MBE1207 - SV102 Coil 018F6857 DC24V p/n: EB15-00306; DANFOSS; ;","1","1","0","D-2-9C"
"O-18915-00","Freeze Dryer MBE1207 - Pneumatic Actuator 93-0635FC-11300-532 P/n: EB14-00085; BRAY; ;","1","1","0","D4"
"O-18917-00","Freeze Dryer MBE1207 - OIL COOLING WATER REGULATOR 003N0107 AVTA15 G 1/2 Inch Kv=1.9m3/h Temperature; DANFOSS; ;","1","1","0","D-2-11"
"O-18929-00","Freeze Dryer MBE1207 -  FILTER Cartridge SANRONG FILTER ELEMENT for SFR487T Housing P/N : EDF16-01060; ; ;","2","2","0","D-2-5B"
"O-18962-00","Capping VCM200 - Adjuster Screw Blade; ; ;","1","1","0","-"
"O-18963-00","Capping VCM200 - Clamp Holder; ; ;","1","1","0","-"
"O-18964-00","Capping VCM200 - Holder; ; ;","1","1","0","-"
"O-18965-00","Capping VCM200 - Spring Head; ; ;","1","1","0","-"
"O-18966-00","Capping VCM200 -  Ring Washer; ; ;","1","1","0","-"
"O-18967-00","Capping VCM200 - Washer A; ; ;","1","1","0","-"
"O-18968-00","Capping VCM200 - Washer B; ; ;","1","1","0","-"
"O-19005-00","Misumi - Linear Shaft PSFAA8-46-F11-P6-M3-N3; ; ;","1","1","0","A-2-11A"
"O-19212-00","Freeze Dryer MBE1207 -  Orifice No. 03 068-2006; Danfoss; ;","4","4","0","D-2-8A"
"O-19340-00","Washing RAR4 - Guide Rell Outfeed, Machining Plate Material Pom Putih; ; ;","1","1","0","-"
"O-19341-00","Washing RAR4 - Set Giude Rell Outfeed, Machining Plate Material Pom Putih; ; ;","1","1","0","-"
"O-19342-00","Washing RAR4 - Pendorong Pusher Outfeed, Machining Plate Material Pom Putih; ; ;","1","1","0","-"
"O-19373-00","Washing RAR4 - Guide Vial Turn Table, OD.161mm x tebal 12mm, Material Nylon; ; ;","1","1","0","-"
"O-19380-00","Minipleat filters panel F781, size: 610x610x292 Class (EN 1822) : H14 - 99,995% MPPS; Hencolin; ;","1","1","0","-"
"O-19381-00","General - HEPA filter H14 minipleat, size: 305x305x69 Class (EN 1822)- 99,995% MPPS; Hencolin; -; 1 Pc","1","1","0","-"
"O-19386-00","HEPA FILTER 610 x 610 x 305 Class: H14 - 99,999%; Hencolin; ;","2","2","0","-"
"O-19798-00","Clamp Vacuum KF16 Alumunium; ; ;","10","10","0","D-3"
"O-19822-00","Flexible Front End 916 - (125.0 - 125.0)","1","1","0","-"
"O-19894-00","Capping VCM200 - Guide Starwheel Vial Pom hitam 319x329x17 mm; Custom; ;","1","1","0","-"
"O-20230-00","Washing RAV4 - Black Arm Mat. SUS 304; Custom/Lokal; -; 1 Pc","2","2","0","-"
"O-20231-00","Washing RAV4 - Base Black Arm Mat. VCN; Custom/Lokal; -; 1 Pc","1","1","0","-"
"O-20296-00","General - Rotating Pincer Pneumatik  SMC MRHQ20D-180S-DIN00358","1","1","0","B-3"
"O-20496-00","General - Diaphragm Grade ER SQUARE Type A EPDM Diaphragm Screw; Saunders; DP008ER; 1 Pc","6","6","0","R-4-4"
"O-20555-00","Marchesini MA155 - Lower Belt Shaft Complete, 21. 4. 0. 1/0 395K; -; M660010001; 1 Pc","1","1","0","G-2"
"O-20556-00","Marchesini MA155 - Upper Belt Shaft, 21. 4. 0. 1/0. 394K; -; M660010002; 1 Pc","1","1","0","G-2"
"O-20982-00","Autoclave FVA2/A1 - SILICONE GASKET FO-5 900X1300; Fedegari; PP600076; 1 Pc","1","1","0","-"
"O-21124-00","Autoclave Service NA2247AU - O ring 15.47x3.53; Fedegari; CC150170; 1 Pc","5","5","0","I-3-6"
"O-21125-00","Autoclave Service NA2247AU - O ring 34.52x3.53; Fedegari; CC150171; 1 Pc","5","5","0","I-3-6"
"O-21127-00","Freeze Dryer Lyofast 10 - Sight Glass Seal Silicone O-ring OD 170,6 ID 160 Tebal 5.3; ; ; 1 Pc","5","5","0","-"
"O-21284-00","General - Isolator Gloves 000080 E10330 CNS 7 E3 5 Neoprene No Staining; Piercan; SG010138; 1 Pc","23","23","0","-"
"O-21485-00","General - Isolator Glove CSM Port size 8 Inch Length : 800 mm, Thick : 15mil/0.4mm; TRON; 8Y1532A0975; 1 Pc","15","15","0","-"
"O-50827-00","General - Opto CapBT02T Operating Range 8 ppb - 60% O2 Sat P/N 30018857, Measured Pressure Resistance : 0-6 bar; Mettler Toledo; 30018857; 1 Pc","1","1","0","E-4"
"O-50994-00","Battery kering 12V 7,2AH; ; ;","1","1","0","R-2-11"
"O-51309-00","WAGO 750-333 I/O SYSTEM PROFIBUS DP/FMS-12 MBAUD-DPV1-COUPL","1","1","0","B-4"
"O-51818-00","RTD - Single Element. Built according to directive 94/9/CE ATEX II 2GD Ex d IIC T6; Temperature Rang; ; ;","1","1","0","C-2-4"
"O-51996-00","General - Pulsed DC Ionising Bar Hyperion 929IPS Length 325mm; Steriline; 1096041; 1 Pc","1","1","0","C-2"
"O-52240-00","WAGO 750-623 Supply Modul Input 5-15 V","1","1","0","B-3-6D"
"O-52845-00","Freeze Dryer MBE1207 - SV169 Coil MKC-1 AC220V P/n: EB15-00507; MYCOM; ;","2","2","0","D-1-9A"
"O-53195-00","Tunnel ST1L - Heater for Tight Door 500W-230V Stainless H 60mm L 455mm T 5mm Cable L 2m; Steriline; 6763; 1 pc","1","1","0","B-2"
"O-53196-00","Tunnel ST1L - Heating Element 75W-230Vac D 10mm L 120mm Gkass Fiber Cable 400C 2.5m; Steriline; 4462; 1 pc","1","1","0","B-2-6"
"O-53211-00","Filling VFM100 - Flow meter 40-500 NL/H (201787);INOX;Model 1900;","1","1","0","C-2"
"O-53442-00","Autoclave Service NA2247AU - Pressure Switch Alco Controls PS3-AJR 0.8-1 bar Assy; Fedegari; GP00045; 1 Pc","1","1","0","-"
"O-53466-00","cRABS Z064CR - DOOR SAFETY SWITCHES ; SCHMERSAL ; MAGNET BPS-260; ; 14061; 1 Pc","1","1","0","F-2-7"
"O-53476-00","Tunnel ST1L - High Precision Optical Fiber; Omron; E32T61S5M; ; ; 1 Pc","1","1","0","-"
"O-53477-00","Tunnel ST1L - Lens For Optic Fibers; Omron; E39F1; ; ; 1 Pc","1","1","0","-"
"O-53480-00","Tunnel ST1L - Amplifier PNP for Optical Fiber 12-24 VDC; Omron; E3XNA41; ; ; 1 Pc","1","1","0","-"
"O-53481-00","Filling VFM100 - TEMPERATURE PROBE ;  MODEL PT100 SINGLE ELEMENT, 3 WIRES, DIAMETER 3MM, LENGTH 250M; Jumo; 29274; 1 Pc","1","1","0","-"
"O-53482-00","Filling VFM100 - VACUUM LEVEL SWITCH ; DIGITAL VACUUM LEVEL SWITCH Code: 120511; Vuototecnica; 202545; 1 Pc","1","1","0","S-2-16"
"O-54115-00","Fiber Amplifier -; KEYENCE; FS-V31CP;","1","1","0","B-3-5"
"O-54116-00","Fiber Reflective -; KEYENCE; FU-67V;","1","1","0","A-2-3"
"P-11392-00","Seal Ferrule EPDM 2""","30","30","0","M3"
"P-12083-00","General - Clamp Selang, SS, 1/2""; Tridon; -; 1 pcs","3","3","0","-"
"P-12488-00","General - Mata Bor Besi, dia. 4 mm; NACHI; -; 1 pcs","1","1","0","S-2-8"
"P-12819-00","Sock PVC AW dia 1/2inch","5","5","0","Klaris"
"P-13600-00","General - Besi Pejal, SS 304, dia. 8 mm; No Brand; -; 1 pcs","1","1","0","-"
"P-13735-00","Cable Duct Round Putih 35 x 10 mm; ; ;","1","1","0","-"
"P-13787-00","General - IAF HB Series (H13) Minimum eff.: 99.99% on 0.3 micron, Size: 305 x 305 x 292mm; IAF; -; 1 pc","1","1","0","-"
"P-14457-00","General - Filter IAF MBV Series (Medium Filter), efficiency : 90-95 %, Size: 24 x 24 x 12 inch; IAF; -; 1 pcs","1","1","0","Ruang Filter"
"P-14948-00","Fitting Male Elbow KQ2L08-02AS; ; ;","3","3","0","R-2-8"
"P-15438-00","General - Cable Spiral Wrapping; KSS; KS12; 1 Pc","2","2","0","J-5"
"P-15817-00","General - Gasket Teflon Lembaran, Tebal 5mm, Size: 1000 x 1000mm; No Brand; -; 1 pc","1","1","0","Biru"
"P-16972-00","Vent Filter HE Press 6.5 bar, temp. 40C ; Brand : NOVASIP ( PALL ) ; P/N : C3PFRPI , IT09556493 ; Pack Size : pcs","2","2","0","F-1"
"P-17867-00","Clamp Ferrule SS304 dia 2""; ; ;","3","3","0","R-4-5"
"P-19255-00","Plastic Tubing PUN-H-14x2-BL; Festo; 570386;","50","50","0","-"
"P-20309-00","General - Hole Saw TCT Kugel 100 mm; Kugel; ;","1","1","0","S-3-5"
"P-50274-00","General - Kabel NYAF Uk. 1 x 0.75mm, Warna Merah; Supreme; -; 100meter/roll","50","50","0","S-3-3"
"P-50959-00","Fuse kaca 3A 6x30","3","3","0","Kennedy"
"P-51739-00","TOR Schneider LRD05 0,63 - 1,0 A; ; ;","1","1","0","H-3-4"
"P-52254-00","General - Capacitor, 40 mF, 400/450 VAC; No Brand; -; 1 pcs","1","1","0","S-2-4"
"Q-10128-00","Thinner Super End/Impala @ 1 Liter","3","3","0","Flammable"
"Q-10817-00","Door Closer Type: TS77 Hold Open; DORMA; ;","1","1","0","O-4"
"Q-60401-00","Handle Pintu Bulat, Elbow Press Lock; Meroni; N13NE TB127;","1","1","0","N-2"